"date","recovered","instrument_ok","host","dns","vault","cloud","music","immich","grafana","total","stuck","note"
"2026-09-28T02:17:02","True","True","156","164","214","219","214","219","188","219","","auto"
"2026-09-28T02:23:28","True","True","162","172","212","212","212","216","191","216","","auto"
"2026-09-28T02:30:34","True","True","156","163","213","219","213","224","188","224","","auto"
"2026-09-28T02:37:53","True","True","163","163","218","218","213","218","189","218","","auto"
"2026-09-28T02:45:20","True","True","156","163","209","218","209","223","193","223","","auto"
"2026-09-28T02:51:50","True","True","164","172","208","209","213","218","192","218","","auto"
"2026-09-28T02:58:57","True","True","155","163","224","209","220","219","188","224","","auto"
"2026-09-28T03:06:18","True","True","163","168","211","212","211","216","191","216","","auto"
"2026-09-28T03:13:35","True","True","163","163","216","219","205","220","193","220","","auto"
"2026-09-28T03:20:49","True","True","163","167","215","210","210","219","189","219","","auto"
"2026-09-28T03:27:59","True","True","156","163","209","209","209","224","193","224","","auto"
"2026-09-28T03:35:22","True","True","163","167","215","215","215","216","189","216","","auto"
"2026-09-28T03:42:38","True","True","156","163","214","214","214","223","189","223","","auto"
"2026-09-28T03:50:03","True","True","163","167","210","210","211","215","190","215","","auto"
"2026-09-28T03:57:09","True","True","163","163","208","214","209","224","193","224","","auto"
"2026-09-28T04:04:32","True","True","163","168","217","217","217","217","191","217","","auto"
"2026-09-28T04:11:49","True","True","156","163","209","219","209","220","194","220","","auto"
"2026-09-28T04:18:59","True","True","163","168","211","212","211","216","191","216","","auto"
"2026-09-28T04:26:13","True","True","155","163","209","209","209","219","188","219","","auto"
"2026-09-28T04:33:34","True","True","163","168","206","207","206","217","190","217","","auto"
